cve,epss,percentile,date
CVE-2025-9923,0.00033,0.08562,2025-10-01
CVE-2025-9801,0.00057,0.18043,2025-10-01
CVE-2025-9800,0.00048,0.14606,2025-10-01
CVE-2025-9796,0.00033,0.08659,2025-10-01
CVE-2025-9794,0.00043,0.12688,2025-10-01
CVE-2025-9789,0.00039,0.11309,2025-10-01
CVE-2025-11031,0.00048,0.14908,2025-10-01
CVE-2025-10779,0.00066,0.20918,2025-10-01
CVE-2025-10769,0.00058,0.18167,2025-10-01
CVE-2025-10083,0.00048,0.14565,2025-10-01
CVE-2025-9923,0.00033,0.08504,2025-10-02
CVE-2025-9801,0.00057,0.18003,2025-10-02
CVE-2025-9800,0.00048,0.14581,2025-10-02
CVE-2025-9796,0.00033,0.08598,2025-10-02
CVE-2025-9794,0.00043,0.1267,2025-10-02
CVE-2025-9789,0.00039,0.11297,2025-10-02
CVE-2025-11031,0.00064,0.20217,2025-10-02
CVE-2025-10779,0.00066,0.20888,2025-10-02
CVE-2025-10769,0.00058,0.18125,2025-10-02
CVE-2025-10083,0.00048,0.14538,2025-10-02
CVE-2025-9923,0.00033,0.08537,2025-10-04
CVE-2025-9801,0.00066,0.20795,2025-10-04
CVE-2025-9800,0.00055,0.17281,2025-10-04
CVE-2025-9796,0.00039,0.11088,2025-10-04
CVE-2025-9794,0.00046,0.14051,2025-10-04
CVE-2025-9789,0.00042,0.1264,2025-10-04
CVE-2025-11031,0.00064,0.20154,2025-10-04
CVE-2025-10779,0.00066,0.20792,2025-10-04
CVE-2025-10769,0.00058,0.18066,2025-10-04
CVE-2025-10083,0.00048,0.14521,2025-10-04
CVE-2025-9923,0.00036,0.097,2025-10-06
CVE-2025-9801,0.00066,0.20755,2025-10-06
CVE-2025-9800,0.00055,0.17221,2025-10-06
CVE-2025-9796,0.00039,0.11063,2025-10-06
CVE-2025-9794,0.00046,0.13995,2025-10-06
CVE-2025-9789,0.00042,0.1258,2025-10-06
CVE-2025-11031,0.00064,0.20112,2025-10-06
CVE-2025-10779,0.00066,0.20752,2025-10-06
CVE-2025-10769,0.00058,0.18007,2025-10-06
CVE-2025-10083,0.00048,0.14471,2025-10-06
CVE-2025-9923,0.00036,0.0968,2025-10-07
CVE-2025-9801,0.00066,0.20714,2025-10-07
CVE-2025-9800,0.00055,0.17194,2025-10-07
CVE-2025-9796,0.00039,0.1103,2025-10-07
CVE-2025-9794,0.00046,0.13982,2025-10-07
CVE-2025-9789,0.00042,0.12561,2025-10-07
CVE-2025-11031,0.00064,0.20073,2025-10-07
CVE-2025-10779,0.00066,0.20712,2025-10-07
CVE-2025-10769,0.00058,0.17974,2025-10-07
CVE-2025-10083,0.00048,0.14458,2025-10-07
CVE-2025-9923,0.00036,0.09737,2025-10-08
CVE-2025-9801,0.00066,0.20732,2025-10-08
CVE-2025-9800,0.00055,0.17232,2025-10-08
CVE-2025-9796,0.00039,0.11074,2025-10-08
CVE-2025-9794,0.00046,0.14027,2025-10-08
CVE-2025-9789,0.00042,0.12614,2025-10-08
CVE-2025-11031,0.00099,0.28273,2025-10-08
CVE-2025-10779,0.00066,0.20729,2025-10-08
CVE-2025-10769,0.00058,0.18015,2025-10-08
CVE-2025-10083,0.00048,0.14506,2025-10-08
CVE-2025-9923,0.00036,0.09763,2025-10-09
CVE-2025-9801,0.00066,0.20732,2025-10-09
CVE-2025-9800,0.00055,0.17224,2025-10-09
CVE-2025-9796,0.00039,0.11088,2025-10-09
CVE-2025-9794,0.00046,0.14039,2025-10-09
CVE-2025-9789,0.00042,0.12641,2025-10-09
CVE-2025-11031,0.00099,0.28298,2025-10-09
CVE-2025-10779,0.00066,0.2073,2025-10-09
CVE-2025-10769,0.0005,0.15296,2025-10-09
CVE-2025-10083,0.00048,0.14517,2025-10-09
CVE-2025-9923,0.00036,0.09777,2025-10-10
CVE-2025-9801,0.00066,0.20723,2025-10-10
CVE-2025-9800,0.00055,0.17223,2025-10-10
CVE-2025-9796,0.00039,0.11092,2025-10-10
CVE-2025-9794,0.00046,0.13971,2025-10-10
CVE-2025-9789,0.00042,0.12564,2025-10-10
CVE-2025-11031,0.00099,0.28317,2025-10-10
CVE-2025-10779,0.00066,0.2072,2025-10-10
CVE-2025-10769,0.0005,0.15234,2025-10-10
CVE-2025-10083,0.00055,0.17185,2025-10-10
CVE-2025-9923,0.00036,0.098,2025-10-11
CVE-2025-9801,0.00066,0.20709,2025-10-11
CVE-2025-9800,0.00055,0.17222,2025-10-11
CVE-2025-9796,0.00039,0.11107,2025-10-11
CVE-2025-9794,0.00046,0.13974,2025-10-11
CVE-2025-9789,0.00042,0.12572,2025-10-11
CVE-2025-11031,0.00099,0.28319,2025-10-11
CVE-2025-10779,0.00066,0.20707,2025-10-11
CVE-2025-10769,0.0005,0.15242,2025-10-11
CVE-2025-10083,0.00055,0.17186,2025-10-11
CVE-2025-9923,0.00036,0.09788,2025-10-12
CVE-2025-9801,0.00066,0.20679,2025-10-12
CVE-2025-9800,0.00055,0.17237,2025-10-12
CVE-2025-9796,0.00039,0.11133,2025-10-12
CVE-2025-9794,0.00046,0.14007,2025-10-12
CVE-2025-9789,0.00042,0.12601,2025-10-12
CVE-2025-11031,0.00099,0.28301,2025-10-12
CVE-2025-10779,0.00066,0.20676,2025-10-12
CVE-2025-10769,0.0005,0.15266,2025-10-12
CVE-2025-10083,0.00055,0.172,2025-10-12
CVE-2025-9923,0.00036,0.09783,2025-10-13
CVE-2025-9801,0.00066,0.2067,2025-10-13
CVE-2025-9800,0.00055,0.17226,2025-10-13
CVE-2025-9796,0.00039,0.11131,2025-10-13
CVE-2025-9794,0.00053,0.16426,2025-10-13
CVE-2025-9789,0.00048,0.14771,2025-10-13
CVE-2025-11031,0.00099,0.28294,2025-10-13
CVE-2025-10779,0.00066,0.20667,2025-10-13
CVE-2025-10769,0.0005,0.15267,2025-10-13
CVE-2025-10083,0.00055,0.17189,2025-10-13
CVE-2025-9923,0.00036,0.09778,2025-10-14
CVE-2025-9801,0.00066,0.20664,2025-10-14
CVE-2025-9800,0.00055,0.17217,2025-10-14
CVE-2025-9796,0.00039,0.11124,2025-10-14
CVE-2025-9794,0.00053,0.16397,2025-10-14
CVE-2025-9789,0.00048,0.14751,2025-10-14
CVE-2025-11031,0.00099,0.28286,2025-10-14
CVE-2025-10779,0.00066,0.20662,2025-10-14
CVE-2025-10769,0.0005,0.15241,2025-10-14
CVE-2025-10083,0.00055,0.1718,2025-10-14
CVE-2025-9923,0.00049,0.15016,2025-10-15
CVE-2025-9801,0.00066,0.20741,2025-10-15
CVE-2025-9800,0.00055,0.17289,2025-10-15
CVE-2025-9796,0.00039,0.11183,2025-10-15
CVE-2025-9794,0.00053,0.16459,2025-10-15
CVE-2025-9789,0.00048,0.148,2025-10-15
CVE-2025-11031,0.00099,0.28357,2025-10-15
CVE-2025-10779,0.00066,0.20738,2025-10-15
CVE-2025-10769,0.0005,0.15298,2025-10-15
CVE-2025-10083,0.00055,0.17252,2025-10-15
CVE-2025-9923,0.00049,0.15051,2025-10-16
CVE-2025-9801,0.00066,0.20745,2025-10-16
CVE-2025-9800,0.00055,0.17308,2025-10-16
CVE-2025-9796,0.00039,0.11193,2025-10-16
CVE-2025-9794,0.00053,0.16496,2025-10-16
CVE-2025-9789,0.00048,0.14837,2025-10-16
CVE-2025-11031,0.00099,0.28367,2025-10-16
CVE-2025-10779,0.00066,0.20742,2025-10-16
CVE-2025-10769,0.0005,0.15334,2025-10-16
CVE-2025-10083,0.00055,0.17271,2025-10-16
CVE-2025-9923,0.00049,0.15006,2025-10-17
CVE-2025-9801,0.00066,0.20713,2025-10-17
CVE-2025-9800,0.00055,0.17292,2025-10-17
CVE-2025-9796,0.00039,0.11171,2025-10-17
CVE-2025-9794,0.00053,0.16471,2025-10-17
CVE-2025-9789,0.00048,0.14792,2025-10-17
CVE-2025-11031,0.00108,0.29727,2025-10-17
CVE-2025-10779,0.00066,0.20711,2025-10-17
CVE-2025-10769,0.0005,0.15291,2025-10-17
CVE-2025-10083,0.00055,0.17255,2025-10-17
CVE-2025-9923,0.00049,0.15017,2025-10-18
CVE-2025-9801,0.00066,0.207,2025-10-18
CVE-2025-9800,0.00055,0.17289,2025-10-18
CVE-2025-9796,0.00039,0.1114,2025-10-18
CVE-2025-9794,0.00053,0.16471,2025-10-18
CVE-2025-9789,0.00048,0.14805,2025-10-18
CVE-2025-11031,0.00108,0.29707,2025-10-18
CVE-2025-10779,0.00066,0.20698,2025-10-18
CVE-2025-10769,0.0005,0.15299,2025-10-18
CVE-2025-10083,0.00055,0.17254,2025-10-18
CVE-2025-9923,0.00049,0.15001,2025-10-19
CVE-2025-9801,0.00066,0.2066,2025-10-19
CVE-2025-9800,0.00055,0.17258,2025-10-19
CVE-2025-9796,0.00039,0.111,2025-10-19
CVE-2025-9794,0.00053,0.16448,2025-10-19
CVE-2025-9789,0.00048,0.14789,2025-10-19
CVE-2025-11031,0.00108,0.29668,2025-10-19
CVE-2025-10779,0.00066,0.20658,2025-10-19
CVE-2025-10769,0.0005,0.15289,2025-10-19
CVE-2025-10083,0.00055,0.17222,2025-10-19
CVE-2025-9923,0.00049,0.14933,2025-10-20
CVE-2025-9801,0.00066,0.20603,2025-10-20
CVE-2025-9800,0.00055,0.17193,2025-10-20
CVE-2025-9796,0.00039,0.11059,2025-10-20
CVE-2025-9794,0.00053,0.16399,2025-10-20
CVE-2025-9789,0.00048,0.14718,2025-10-20
CVE-2025-11031,0.00108,0.29653,2025-10-20
CVE-2025-10779,0.00066,0.20601,2025-10-20
CVE-2025-10769,0.0005,0.15225,2025-10-20
CVE-2025-10083,0.00055,0.17156,2025-10-20
CVE-2025-9923,0.00049,0.14924,2025-10-21
CVE-2025-9801,0.00066,0.20576,2025-10-21
CVE-2025-9800,0.00055,0.17177,2025-10-21
CVE-2025-9796,0.00039,0.11023,2025-10-21
CVE-2025-9794,0.00053,0.16387,2025-10-21
CVE-2025-9789,0.00048,0.14707,2025-10-21
CVE-2025-11031,0.00108,0.29653,2025-10-21
CVE-2025-10779,0.00066,0.20574,2025-10-21
CVE-2025-10769,0.0005,0.15216,2025-10-21
CVE-2025-10083,0.00055,0.1714,2025-10-21
CVE-2025-9923,0.00049,0.14951,2025-10-22
CVE-2025-9801,0.00089,0.26248,2025-10-22
CVE-2025-9800,0.00055,0.17208,2025-10-22
CVE-2025-9796,0.00039,0.11064,2025-10-22
CVE-2025-9794,0.00053,0.16411,2025-10-22
CVE-2025-9789,0.00048,0.14735,2025-10-22
CVE-2025-11031,0.00108,0.29672,2025-10-22
CVE-2025-10779,0.00066,0.20602,2025-10-22
CVE-2025-10769,0.0005,0.15241,2025-10-22
CVE-2025-10083,0.00055,0.17171,2025-10-22
CVE-2025-9923,0.00049,0.15053,2025-10-23
CVE-2025-9801,0.00089,0.26316,2025-10-23
CVE-2025-9800,0.00055,0.17304,2025-10-23
CVE-2025-9796,0.00039,0.11139,2025-10-23
CVE-2025-9794,0.00053,0.16507,2025-10-23
CVE-2025-9789,0.00048,0.14835,2025-10-23
CVE-2025-11031,0.00108,0.29738,2025-10-23
CVE-2025-10779,0.00088,0.26185,2025-10-23
CVE-2025-10769,0.00057,0.17873,2025-10-23
CVE-2025-10083,0.00055,0.17267,2025-10-23
CVE-2025-9923,0.00049,0.15054,2025-10-24
CVE-2025-9801,0.00089,0.26304,2025-10-24
CVE-2025-9800,0.00055,0.17288,2025-10-24
CVE-2025-9796,0.00039,0.11072,2025-10-24
CVE-2025-9794,0.00053,0.1651,2025-10-24
CVE-2025-9789,0.00048,0.14836,2025-10-24
CVE-2025-11031,0.00108,0.29739,2025-10-24
CVE-2025-10779,0.00106,0.29383,2025-10-24
CVE-2025-10769,0.00057,0.17858,2025-10-24
CVE-2025-10083,0.00055,0.17253,2025-10-24
CVE-2025-9923,0.00049,0.15049,2025-10-25
CVE-2025-9801,0.00089,0.26289,2025-10-25
CVE-2025-9800,0.00055,0.17301,2025-10-25
CVE-2025-9796,0.00039,0.11058,2025-10-25
CVE-2025-9794,0.00053,0.16512,2025-10-25
CVE-2025-9789,0.00048,0.14831,2025-10-25
CVE-2025-11031,0.00108,0.29725,2025-10-25
CVE-2025-10779,0.00106,0.29372,2025-10-25
CVE-2025-10769,0.00057,0.17868,2025-10-25
CVE-2025-10083,0.00055,0.17265,2025-10-25
CVE-2025-9923,0.00049,0.1501,2025-10-26
CVE-2025-9801,0.00089,0.26256,2025-10-26
CVE-2025-9800,0.00055,0.17268,2025-10-26
CVE-2025-9796,0.00039,0.11038,2025-10-26
CVE-2025-9794,0.00053,0.16479,2025-10-26
CVE-2025-9789,0.00048,0.14792,2025-10-26
CVE-2025-11031,0.00108,0.2969,2025-10-26
CVE-2025-10779,0.00106,0.29343,2025-10-26
CVE-2025-10769,0.00057,0.17833,2025-10-26
CVE-2025-10083,0.00055,0.17231,2025-10-26
CVE-2025-9923,0.00049,0.15,2025-10-27
CVE-2025-9801,0.00089,0.26287,2025-10-27
CVE-2025-9800,0.00055,0.17274,2025-10-27
CVE-2025-9796,0.00039,0.11025,2025-10-27
CVE-2025-9794,0.00053,0.16474,2025-10-27
CVE-2025-9789,0.00048,0.14775,2025-10-27
CVE-2025-11031,0.00108,0.29741,2025-10-27
CVE-2025-10779,0.00106,0.29395,2025-10-27
CVE-2025-10769,0.00057,0.17831,2025-10-27
CVE-2025-10083,0.00055,0.17237,2025-10-27
CVE-2025-9923,0.00049,0.14983,2025-10-28
CVE-2025-9801,0.00089,0.26286,2025-10-28
CVE-2025-9800,0.00055,0.17264,2025-10-28
CVE-2025-9796,0.00039,0.11058,2025-10-28
CVE-2025-9794,0.00053,0.16465,2025-10-28
CVE-2025-9789,0.00048,0.14769,2025-10-28
CVE-2025-11031,0.00117,0.31335,2025-10-28
CVE-2025-10779,0.00106,0.29383,2025-10-28
CVE-2025-10769,0.00057,0.17827,2025-10-28
CVE-2025-10083,0.00055,0.17228,2025-10-28
CVE-2025-9923,0.00049,0.14979,2025-10-29
CVE-2025-9801,0.00089,0.26284,2025-10-29
CVE-2025-9800,0.00055,0.17268,2025-10-29
CVE-2025-9796,0.00039,0.11045,2025-10-29
CVE-2025-9794,0.00053,0.16459,2025-10-29
CVE-2025-9789,0.00048,0.14764,2025-10-29
CVE-2025-11031,0.00117,0.31343,2025-10-29
CVE-2025-10779,0.00106,0.29392,2025-10-29
CVE-2025-10769,0.00057,0.1783,2025-10-29
CVE-2025-10083,0.00055,0.1723,2025-10-29
CVE-2025-9923,0.00049,0.15001,2025-10-30
CVE-2025-9801,0.00089,0.26294,2025-10-30
CVE-2025-9800,0.00055,0.17271,2025-10-30
CVE-2025-9796,0.00039,0.11065,2025-10-30
CVE-2025-9794,0.00053,0.16462,2025-10-30
CVE-2025-9789,0.00048,0.14783,2025-10-30
CVE-2025-11031,0.00117,0.31355,2025-10-30
CVE-2025-10779,0.00106,0.29403,2025-10-30
CVE-2025-10769,0.00057,0.17827,2025-10-30
CVE-2025-10083,0.00055,0.17233,2025-10-30
CVE-2025-9923,0.00049,0.15026,2025-10-31
CVE-2025-9801,0.00089,0.26291,2025-10-31
CVE-2025-9800,0.00055,0.17265,2025-10-31
CVE-2025-9796,0.00039,0.11078,2025-10-31
CVE-2025-9794,0.00053,0.16478,2025-10-31
CVE-2025-9789,0.00048,0.14812,2025-10-31
CVE-2025-11031,0.00117,0.31355,2025-10-31
CVE-2025-10779,0.00106,0.29397,2025-10-31
CVE-2025-10769,0.00057,0.17822,2025-10-31
CVE-2025-10083,0.00055,0.17231,2025-10-31
CVE-2025-9923,0.00049,0.15097,2025-11-01
CVE-2025-9801,0.00089,0.26349,2025-11-01
CVE-2025-9800,0.00055,0.17336,2025-11-01
CVE-2025-9796,0.00039,0.11163,2025-11-01
CVE-2025-9794,0.00053,0.1654,2025-11-01
CVE-2025-9789,0.00048,0.14887,2025-11-01
CVE-2025-11031,0.00117,0.31447,2025-11-01
CVE-2025-10779,0.00106,0.29476,2025-11-01
CVE-2025-10769,0.00057,0.17888,2025-11-01
CVE-2025-10083,0.00055,0.17301,2025-11-01
CVE-2025-9923,0.00049,0.15111,2025-11-02
CVE-2025-9801,0.00089,0.26323,2025-11-02
CVE-2025-9800,0.00055,0.1733,2025-11-02
CVE-2025-9796,0.00039,0.11151,2025-11-02
CVE-2025-9794,0.00053,0.16532,2025-11-02
CVE-2025-9789,0.00048,0.14904,2025-11-02
CVE-2025-11031,0.00117,0.31426,2025-11-02
CVE-2025-10779,0.00106,0.29454,2025-11-02
CVE-2025-10769,0.00057,0.17882,2025-11-02
CVE-2025-10083,0.00055,0.17295,2025-11-02
CVE-2025-9923,0.00049,0.15064,2025-11-03
CVE-2025-9801,0.00089,0.26265,2025-11-03
CVE-2025-9800,0.00055,0.17286,2025-11-03
CVE-2025-9796,0.00039,0.11116,2025-11-03
CVE-2025-9794,0.00053,0.16497,2025-11-03
CVE-2025-9789,0.00048,0.1486,2025-11-03
CVE-2025-11031,0.00117,0.31403,2025-11-03
CVE-2025-10779,0.00106,0.29429,2025-11-03
CVE-2025-10769,0.00057,0.17837,2025-11-03
CVE-2025-10083,0.00055,0.17251,2025-11-03
CVE-2025-9923,0.00049,0.14968,2025-11-04
CVE-2025-9801,0.00089,0.26121,2025-11-04
CVE-2025-9800,0.00055,0.17179,2025-11-04
CVE-2025-9796,0.00039,0.11028,2025-11-04
CVE-2025-9794,0.00053,0.16398,2025-11-04
CVE-2025-9789,0.00048,0.14769,2025-11-04
CVE-2025-11031,0.00117,0.31265,2025-11-04
CVE-2025-10779,0.00106,0.29305,2025-11-04
CVE-2025-10769,0.00057,0.17739,2025-11-04
CVE-2025-10083,0.00055,0.17144,2025-11-04
CVE-2025-9923,0.00049,0.15,2025-11-05
CVE-2025-9801,0.00089,0.26095,2025-11-05
CVE-2025-9800,0.00055,0.17197,2025-11-05
CVE-2025-9796,0.00039,0.11051,2025-11-05
CVE-2025-9794,0.00053,0.16426,2025-11-05
CVE-2025-9789,0.00048,0.14801,2025-11-05
CVE-2025-11031,0.00117,0.31238,2025-11-05
CVE-2025-10779,0.00106,0.29273,2025-11-05
CVE-2025-10769,0.00057,0.17758,2025-11-05
CVE-2025-10083,0.00055,0.17162,2025-11-05
CVE-2025-9923,0.00049,0.15097,2025-11-06
CVE-2025-9801,0.00089,0.261,2025-11-06
CVE-2025-9800,0.00055,0.17169,2025-11-06
CVE-2025-9796,0.00039,0.11166,2025-11-06
CVE-2025-9794,0.00053,0.16514,2025-11-06
CVE-2025-9789,0.00048,0.149,2025-11-06
CVE-2025-11031,0.00117,0.31244,2025-11-06
CVE-2025-10779,0.00106,0.29295,2025-11-06
CVE-2025-10769,0.00057,0.17726,2025-11-06
CVE-2025-10083,0.00055,0.17135,2025-11-06
CVE-2025-9923,0.00049,0.15119,2025-11-07
CVE-2025-9801,0.00089,0.261,2025-11-07
CVE-2025-9800,0.00055,0.17187,2025-11-07
CVE-2025-9796,0.00039,0.11185,2025-11-07
CVE-2025-9794,0.00053,0.1653,2025-11-07
CVE-2025-9789,0.00048,0.1492,2025-11-07
CVE-2025-11031,0.00159,0.37377,2025-11-07
CVE-2025-10779,0.00106,0.2928,2025-11-07
CVE-2025-10769,0.00057,0.17749,2025-11-07
CVE-2025-10083,0.00055,0.17149,2025-11-07
CVE-2025-9923,0.00049,0.1513,2025-11-08
CVE-2025-9801,0.00103,0.28948,2025-11-08
CVE-2025-9800,0.00064,0.20002,2025-11-08
CVE-2025-9796,0.00045,0.13527,2025-11-08
CVE-2025-9794,0.00055,0.17261,2025-11-08
CVE-2025-9789,0.00051,0.15667,2025-11-08
CVE-2025-11031,0.00159,0.37377,2025-11-08
CVE-2025-10779,0.00106,0.29285,2025-11-08
CVE-2025-10769,0.00057,0.17751,2025-11-08
CVE-2025-10083,0.00055,0.17154,2025-11-08
CVE-2025-9923,0.00049,0.15108,2025-11-09
CVE-2025-9801,0.00103,0.28921,2025-11-09
CVE-2025-9800,0.00064,0.19976,2025-11-09
CVE-2025-9796,0.00045,0.13497,2025-11-09
CVE-2025-9794,0.00055,0.17235,2025-11-09
CVE-2025-9789,0.00051,0.15643,2025-11-09
CVE-2025-11031,0.00159,0.37362,2025-11-09
CVE-2025-10779,0.00106,0.29257,2025-11-09
CVE-2025-10769,0.00057,0.17725,2025-11-09
CVE-2025-10083,0.00055,0.17129,2025-11-09
CVE-2025-9923,0.00057,0.17602,2025-11-10
CVE-2025-9801,0.00103,0.28901,2025-11-10
CVE-2025-9800,0.00064,0.19933,2025-11-10
CVE-2025-9796,0.00045,0.13465,2025-11-10
CVE-2025-9794,0.00055,0.17198,2025-11-10
CVE-2025-9789,0.00051,0.15602,2025-11-10
CVE-2025-11031,0.00159,0.37326,2025-11-10
CVE-2025-10779,0.00106,0.29238,2025-11-10
CVE-2025-10769,0.00057,0.17691,2025-11-10
CVE-2025-10083,0.00055,0.17091,2025-11-10
CVE-2025-9923,0.00057,0.17623,2025-11-11
CVE-2025-9801,0.00103,0.28924,2025-11-11
CVE-2025-9800,0.00064,0.19941,2025-11-11
CVE-2025-9796,0.00045,0.13485,2025-11-11
CVE-2025-9794,0.00055,0.17222,2025-11-11
CVE-2025-9789,0.00051,0.15626,2025-11-11
CVE-2025-11031,0.00159,0.3735,2025-11-11
CVE-2025-10779,0.00106,0.29259,2025-11-11
CVE-2025-10769,0.00057,0.17713,2025-11-11
CVE-2025-10083,0.00055,0.17116,2025-11-11
CVE-2025-9923,0.00057,0.17661,2025-11-12
CVE-2025-9801,0.00103,0.28973,2025-11-12
CVE-2025-9800,0.00064,0.19984,2025-11-12
CVE-2025-9796,0.00045,0.13473,2025-11-12
CVE-2025-9794,0.00055,0.17256,2025-11-12
CVE-2025-9789,0.00051,0.15671,2025-11-12
CVE-2025-11031,0.00159,0.3739,2025-11-12
CVE-2025-10779,0.00106,0.29302,2025-11-12
CVE-2025-10769,0.00057,0.17751,2025-11-12
CVE-2025-10083,0.00055,0.17151,2025-11-12
CVE-2025-9923,0.00057,0.17688,2025-11-13
CVE-2025-9801,0.00103,0.28986,2025-11-13
CVE-2025-9800,0.00064,0.20008,2025-11-13
CVE-2025-9796,0.00045,0.13499,2025-11-13
CVE-2025-9794,0.00055,0.17286,2025-11-13
CVE-2025-9789,0.00051,0.15699,2025-11-13
CVE-2025-11031,0.00159,0.37402,2025-11-13
CVE-2025-10779,0.00106,0.29316,2025-11-13
CVE-2025-10769,0.00057,0.1778,2025-11-13
CVE-2025-10083,0.00055,0.17181,2025-11-13
CVE-2025-9923,0.00057,0.17686,2025-11-14
CVE-2025-9801,0.00103,0.2898,2025-11-14
CVE-2025-9800,0.00064,0.19998,2025-11-14
CVE-2025-9796,0.00045,0.13526,2025-11-14
CVE-2025-9794,0.00055,0.1729,2025-11-14
CVE-2025-9789,0.00051,0.15696,2025-11-14
CVE-2025-11031,0.00159,0.37403,2025-11-14
CVE-2025-10779,0.00106,0.29315,2025-11-14
CVE-2025-10769,0.00057,0.17776,2025-11-14
CVE-2025-10083,0.00055,0.17184,2025-11-14
CVE-2025-9923,0.00057,0.17648,2025-11-15
CVE-2025-9801,0.00113,0.30627,2025-11-15
CVE-2025-9800,0.00051,0.15686,2025-11-15
CVE-2025-9796,0.00045,0.13507,2025-11-15
CVE-2025-9794,0.00055,0.17255,2025-11-15
CVE-2025-9789,0.00051,0.15653,2025-11-15
CVE-2025-11031,0.00159,0.37402,2025-11-15
CVE-2025-10779,0.00079,0.23984,2025-11-15
CVE-2025-10769,0.00057,0.1774,2025-11-15
CVE-2025-10083,0.00064,0.19915,2025-11-15
CVE-2025-9923,0.00057,0.17612,2025-11-16
CVE-2025-9801,0.00113,0.30599,2025-11-16
CVE-2025-9800,0.00051,0.15656,2025-11-16
CVE-2025-9796,0.00045,0.13501,2025-11-16
CVE-2025-9794,0.00055,0.1722,2025-11-16
CVE-2025-9789,0.00051,0.15624,2025-11-16
CVE-2025-11031,0.00159,0.3739,2025-11-16
CVE-2025-10779,0.00079,0.23934,2025-11-16
CVE-2025-10769,0.00057,0.17705,2025-11-16
CVE-2025-10083,0.00064,0.19873,2025-11-16
CVE-2025-9923,0.00057,0.17581,2025-11-17
CVE-2025-9801,0.00113,0.30581,2025-11-17
CVE-2025-9800,0.00051,0.15608,2025-11-17
CVE-2025-9796,0.00045,0.13478,2025-11-17
CVE-2025-9794,0.00055,0.17182,2025-11-17
CVE-2025-9789,0.00051,0.15575,2025-11-17
CVE-2025-11031,0.00159,0.37369,2025-11-17
CVE-2025-10779,0.00079,0.23892,2025-11-17
CVE-2025-10769,0.00057,0.17673,2025-11-17
CVE-2025-10083,0.00064,0.19801,2025-11-17
CVE-2025-9923,0.00057,0.1323,2025-11-18
CVE-2025-9801,0.00113,0.2542,2025-11-18
CVE-2025-9800,0.00051,0.11174,2025-11-18
CVE-2025-9796,0.00041,0.0781,2025-11-18
CVE-2025-9794,0.00055,0.12726,2025-11-18
CVE-2025-9789,0.00051,0.11142,2025-11-18
CVE-2025-11031,0.00147,0.29646,2025-11-18
CVE-2025-10779,0.00079,0.19575,2025-11-18
CVE-2025-10769,0.00057,0.1336,2025-11-18
CVE-2025-10083,0.00064,0.15557,2025-11-18
CVE-2025-9923,0.00057,0.13247,2025-11-19
CVE-2025-9801,0.00113,0.25444,2025-11-19
CVE-2025-9800,0.00051,0.11192,2025-11-19
CVE-2025-9796,0.00041,0.07823,2025-11-19
CVE-2025-9794,0.00055,0.12746,2025-11-19
CVE-2025-9789,0.00051,0.11159,2025-11-19
CVE-2025-11031,0.00147,0.29666,2025-11-19
CVE-2025-10779,0.00079,0.19599,2025-11-19
CVE-2025-10769,0.00057,0.13378,2025-11-19
CVE-2025-10083,0.00064,0.15569,2025-11-19
CVE-2025-9923,0.00057,0.13263,2025-11-20
CVE-2025-9801,0.00113,0.25452,2025-11-20
CVE-2025-9800,0.00051,0.11215,2025-11-20
CVE-2025-9796,0.00041,0.07857,2025-11-20
CVE-2025-9794,0.00055,0.1276,2025-11-20
CVE-2025-9789,0.00051,0.11182,2025-11-20
CVE-2025-11031,0.00147,0.29668,2025-11-20
CVE-2025-10779,0.00079,0.19581,2025-11-20
CVE-2025-10769,0.00057,0.13394,2025-11-20
CVE-2025-10083,0.00064,0.15551,2025-11-20
CVE-2025-9923,0.00057,0.17598,2025-11-21
CVE-2025-9801,0.00117,0.31198,2025-11-21
CVE-2025-9800,0.00055,0.1711,2025-11-21
CVE-2025-9796,0.00045,0.135,2025-11-21
CVE-2025-9794,0.00055,0.17199,2025-11-21
CVE-2025-9789,0.00051,0.15608,2025-11-21
CVE-2025-11031,0.00159,0.37376,2025-11-21
CVE-2025-10779,0.00079,0.23838,2025-11-21
CVE-2025-10769,0.00057,0.17688,2025-11-21
CVE-2025-10083,0.00064,0.19773,2025-11-21
CVE-2025-9923,0.00057,0.17612,2025-11-22
CVE-2025-9801,0.00117,0.31208,2025-11-22
CVE-2025-9800,0.00055,0.1712,2025-11-22
CVE-2025-9796,0.00045,0.13493,2025-11-22
CVE-2025-9794,0.00055,0.1721,2025-11-22
CVE-2025-9789,0.00051,0.15611,2025-11-22
CVE-2025-11031,0.00159,0.37377,2025-11-22
CVE-2025-10779,0.00079,0.23835,2025-11-22
CVE-2025-10769,0.00057,0.17703,2025-11-22
CVE-2025-10083,0.00064,0.19772,2025-11-22
CVE-2025-9923,0.00057,0.1758,2025-11-23
CVE-2025-9801,0.00117,0.3118,2025-11-23
CVE-2025-9800,0.00055,0.17089,2025-11-23
CVE-2025-9796,0.00045,0.13473,2025-11-23
CVE-2025-9794,0.00055,0.17178,2025-11-23
CVE-2025-9789,0.00051,0.15598,2025-11-23
CVE-2025-11031,0.00159,0.37342,2025-11-23
CVE-2025-10779,0.00079,0.23787,2025-11-23
CVE-2025-10769,0.00057,0.17676,2025-11-23
CVE-2025-10083,0.00064,0.19745,2025-11-23
CVE-2025-9923,0.00057,0.17544,2025-11-24
CVE-2025-9801,0.00117,0.3116,2025-11-24
CVE-2025-9800,0.00055,0.1705,2025-11-24
CVE-2025-9796,0.00045,0.13432,2025-11-24
CVE-2025-9794,0.00055,0.17139,2025-11-24
CVE-2025-9789,0.00051,0.15557,2025-11-24
CVE-2025-11031,0.00159,0.37327,2025-11-24
CVE-2025-10779,0.00079,0.23753,2025-11-24
CVE-2025-10769,0.00057,0.17641,2025-11-24
CVE-2025-10083,0.00064,0.19722,2025-11-24
CVE-2025-9923,0.00057,0.17534,2025-11-25
CVE-2025-9801,0.00117,0.31155,2025-11-25
CVE-2025-9800,0.00055,0.17042,2025-11-25
CVE-2025-9796,0.00045,0.13433,2025-11-25
CVE-2025-9794,0.00055,0.1713,2025-11-25
CVE-2025-9789,0.00051,0.1555,2025-11-25
CVE-2025-11031,0.00159,0.37333,2025-11-25
CVE-2025-10779,0.00079,0.23741,2025-11-25
CVE-2025-10769,0.00057,0.17631,2025-11-25
CVE-2025-10083,0.00064,0.19712,2025-11-25
CVE-2025-9923,0.00057,0.1753,2025-11-26
CVE-2025-9801,0.00117,0.31156,2025-11-26
CVE-2025-9800,0.00055,0.17031,2025-11-26
CVE-2025-9796,0.00045,0.13427,2025-11-26
CVE-2025-9794,0.00055,0.17119,2025-11-26
CVE-2025-9789,0.00051,0.15537,2025-11-26
CVE-2025-11031,0.00159,0.37328,2025-11-26
CVE-2025-10779,0.00079,0.23725,2025-11-26
CVE-2025-10769,0.00057,0.17627,2025-11-26
CVE-2025-10083,0.00064,0.19706,2025-11-26
CVE-2025-9923,0.00057,0.17535,2025-11-27
CVE-2025-9801,0.00117,0.31168,2025-11-27
CVE-2025-9800,0.00055,0.17038,2025-11-27
CVE-2025-9796,0.00045,0.13427,2025-11-27
CVE-2025-9794,0.00055,0.17126,2025-11-27
CVE-2025-9789,0.00051,0.15546,2025-11-27
CVE-2025-11031,0.00159,0.37338,2025-11-27
CVE-2025-10779,0.00079,0.23724,2025-11-27
CVE-2025-10769,0.00057,0.17631,2025-11-27
CVE-2025-10083,0.00064,0.19705,2025-11-27
CVE-2025-9923,0.00057,0.17522,2025-11-28
CVE-2025-9801,0.00117,0.31147,2025-11-28
CVE-2025-9800,0.00055,0.17024,2025-11-28
CVE-2025-9796,0.00045,0.13406,2025-11-28
CVE-2025-9794,0.00055,0.1711,2025-11-28
CVE-2025-9789,0.00051,0.1553,2025-11-28
CVE-2025-11031,0.00159,0.37319,2025-11-28
CVE-2025-10779,0.00079,0.23704,2025-11-28
CVE-2025-10769,0.00066,0.20411,2025-11-28
CVE-2025-10083,0.00064,0.1969,2025-11-28
CVE-2025-9923,0.00057,0.17505,2025-11-29
CVE-2025-9801,0.00117,0.31134,2025-11-29
CVE-2025-9800,0.00055,0.17011,2025-11-29
CVE-2025-9796,0.00045,0.1338,2025-11-29
CVE-2025-9794,0.00055,0.17098,2025-11-29
CVE-2025-9789,0.00051,0.15506,2025-11-29
CVE-2025-11031,0.00159,0.37299,2025-11-29
CVE-2025-10779,0.00091,0.26289,2025-11-29
CVE-2025-10769,0.00066,0.20395,2025-11-29
CVE-2025-10083,0.00064,0.19675,2025-11-29
CVE-2025-9923,0.00057,0.17508,2025-11-30
CVE-2025-9801,0.00117,0.31113,2025-11-30
CVE-2025-9800,0.00055,0.17015,2025-11-30
CVE-2025-9796,0.00045,0.13386,2025-11-30
CVE-2025-9794,0.00055,0.17104,2025-11-30
CVE-2025-9789,0.00051,0.15516,2025-11-30
CVE-2025-11031,0.00159,0.37283,2025-11-30
CVE-2025-10779,0.00091,0.26255,2025-11-30
CVE-2025-10769,0.00066,0.20392,2025-11-30
CVE-2025-10083,0.00064,0.19681,2025-11-30
CVE-2025-9923,0.00057,0.17551,2025-12-01
CVE-2025-9801,0.00117,0.3119,2025-12-01
CVE-2025-9800,0.00055,0.17055,2025-12-01
CVE-2025-9796,0.00045,0.13425,2025-12-01
CVE-2025-9794,0.00055,0.17145,2025-12-01
CVE-2025-9789,0.00051,0.15555,2025-12-01
CVE-2025-11031,0.00159,0.37396,2025-12-01
CVE-2025-10779,0.00091,0.263,2025-12-01
CVE-2025-10769,0.00066,0.20431,2025-12-01
CVE-2025-10083,0.00064,0.19726,2025-12-01
CVE-2025-9923,0.00057,0.1756,2025-12-02
CVE-2025-9801,0.00117,0.31218,2025-12-02
CVE-2025-9800,0.00055,0.17064,2025-12-02
CVE-2025-9796,0.00045,0.13444,2025-12-02
CVE-2025-9794,0.00055,0.17154,2025-12-02
CVE-2025-9789,0.00051,0.15565,2025-12-02
CVE-2025-11031,0.00159,0.37407,2025-12-02
CVE-2025-10779,0.00091,0.26323,2025-12-02
CVE-2025-10769,0.00066,0.2045,2025-12-02
CVE-2025-10083,0.00064,0.1975,2025-12-02
CVE-2025-9923,0.00057,0.17569,2025-12-03
CVE-2025-9801,0.00117,0.31225,2025-12-03
CVE-2025-9800,0.00055,0.17076,2025-12-03
CVE-2025-9796,0.00045,0.13465,2025-12-03
CVE-2025-9794,0.00055,0.17167,2025-12-03
CVE-2025-9789,0.00051,0.15591,2025-12-03
CVE-2025-11031,0.00166,0.38263,2025-12-03
CVE-2025-10779,0.00091,0.2633,2025-12-03
CVE-2025-10769,0.00066,0.20462,2025-12-03
CVE-2025-10083,0.00064,0.19766,2025-12-03
CVE-2025-9923,0.00057,0.17531,2025-12-04
CVE-2025-9801,0.00117,0.31128,2025-12-04
CVE-2025-9800,0.00055,0.17037,2025-12-04
CVE-2025-9796,0.00045,0.13436,2025-12-04
CVE-2025-9794,0.00055,0.17128,2025-12-04
CVE-2025-9789,0.00051,0.15552,2025-12-04
CVE-2025-11031,0.00166,0.3813,2025-12-04
CVE-2025-10779,0.00091,0.26266,2025-12-04
CVE-2025-10769,0.00066,0.20419,2025-12-04
CVE-2025-10083,0.00064,0.19722,2025-12-04
CVE-2025-9923,0.00057,0.17583,2025-12-05
CVE-2025-9801,0.00117,0.31167,2025-12-05
CVE-2025-9800,0.00055,0.17082,2025-12-05
CVE-2025-9796,0.00045,0.13508,2025-12-05
CVE-2025-9794,0.00055,0.17172,2025-12-05
CVE-2025-9789,0.00051,0.15625,2025-12-05
CVE-2025-11031,0.00166,0.38164,2025-12-05
CVE-2025-10779,0.00091,0.26303,2025-12-05
CVE-2025-10769,0.00066,0.20467,2025-12-05
CVE-2025-10083,0.00064,0.19769,2025-12-05
CVE-2025-9923,0.00057,0.17588,2025-12-06
CVE-2025-9801,0.00117,0.31166,2025-12-06
CVE-2025-9800,0.00055,0.17086,2025-12-06
CVE-2025-9796,0.00045,0.13524,2025-12-06
CVE-2025-9794,0.00055,0.17177,2025-12-06
CVE-2025-9789,0.00051,0.15638,2025-12-06
CVE-2025-11031,0.00166,0.38161,2025-12-06
CVE-2025-10779,0.00091,0.26307,2025-12-06
CVE-2025-10769,0.00066,0.20469,2025-12-06
CVE-2025-10083,0.00064,0.19773,2025-12-06
CVE-2025-9923,0.00057,0.17572,2025-12-07
CVE-2025-9801,0.00117,0.31139,2025-12-07
CVE-2025-9800,0.00055,0.17075,2025-12-07
CVE-2025-9796,0.00045,0.13506,2025-12-07
CVE-2025-9794,0.00055,0.17162,2025-12-07
CVE-2025-9789,0.00051,0.15621,2025-12-07
CVE-2025-11031,0.00166,0.38138,2025-12-07
CVE-2025-10779,0.00091,0.26275,2025-12-07
CVE-2025-10769,0.00066,0.20452,2025-12-07
CVE-2025-10083,0.00064,0.19763,2025-12-07
CVE-2025-9923,0.00057,0.17584,2025-12-08
CVE-2025-9801,0.00117,0.31155,2025-12-08
CVE-2025-9800,0.00055,0.17088,2025-12-08
CVE-2025-9796,0.00045,0.13519,2025-12-08
CVE-2025-9794,0.00055,0.17175,2025-12-08
CVE-2025-9789,0.00051,0.15635,2025-12-08
CVE-2025-11031,0.00166,0.38152,2025-12-08
CVE-2025-10779,0.00091,0.26275,2025-12-08
CVE-2025-10769,0.00066,0.20471,2025-12-08
CVE-2025-10083,0.00064,0.19783,2025-12-08
CVE-2025-9923,0.00057,0.17652,2025-12-09
CVE-2025-9801,0.00117,0.31208,2025-12-09
CVE-2025-9800,0.00055,0.17154,2025-12-09
CVE-2025-9796,0.00045,0.13579,2025-12-09
CVE-2025-9794,0.00055,0.17239,2025-12-09
CVE-2025-9789,0.00051,0.15689,2025-12-09
CVE-2025-11031,0.00166,0.38194,2025-12-09
CVE-2025-10779,0.00091,0.26325,2025-12-09
CVE-2025-10769,0.00066,0.20537,2025-12-09
CVE-2025-10083,0.00064,0.19851,2025-12-09
CVE-2025-11031,0.00166,0.38253,2025-12-10
CVE-2025-9923,0.00033,0.08564,2025-10-03
CVE-2025-9801,0.00066,0.2088,2025-10-03
CVE-2025-9800,0.00055,0.17353,2025-10-03
CVE-2025-9796,0.00039,0.11121,2025-10-03
CVE-2025-9794,0.00046,0.14102,2025-10-03
CVE-2025-9789,0.00042,0.12682,2025-10-03
CVE-2025-11031,0.00064,0.20233,2025-10-03
CVE-2025-10779,0.00066,0.20877,2025-10-03
CVE-2025-10769,0.00058,0.18141,2025-10-03
CVE-2025-10083,0.00048,0.14576,2025-10-03
CVE-2025-9923,0.00036,0.09697,2025-10-05
CVE-2025-9801,0.00066,0.20782,2025-10-05
CVE-2025-9800,0.00055,0.17268,2025-10-05
CVE-2025-9796,0.00039,0.1108,2025-10-05
CVE-2025-9794,0.00046,0.1405,2025-10-05
CVE-2025-9789,0.00042,0.12632,2025-10-05
CVE-2025-11031,0.00064,0.20152,2025-10-05
CVE-2025-10779,0.00066,0.2078,2025-10-05
CVE-2025-10769,0.00058,0.18053,2025-10-05
CVE-2025-10083,0.00048,0.14524,2025-10-05
CVE-2025-9923,0.00057,0.17714,2025-12-10
CVE-2025-9801,0.00117,0.3127,2025-12-10
CVE-2025-9800,0.00055,0.17217,2025-12-10
CVE-2025-9796,0.00045,0.13647,2025-12-10
CVE-2025-9794,0.00055,0.17301,2025-12-10
CVE-2025-9789,0.00051,0.15751,2025-12-10
CVE-2025-11045,0.01773,0.82148,2025-12-10
CVE-2025-10779,0.00091,0.26397,2025-12-10
CVE-2025-10769,0.00066,0.20605,2025-12-10
CVE-2025-10083,0.00064,0.19921,2025-12-10
